
MariaDB [(none)]> use university;
Database changed


MariaDB [university]> create table users(
    -> uid INTEGER,
    -> user_name varchar(14),
    -> password varchar(13),
    -> type varchar(13),
    -> constraint pk_dept primary key (uid)
    -> );
Query OK, 0 rows affected, 1 warning (0.066 sec)

MariaDB [university]> create table student(
    -> stid INTEGER,
    -> name varchar(10),
    -> department varchar(9),
    -> semester INTEGER,
    -> uid INTEGER,
    -> constraint pk_emp primary key (stid),
    -> constraint fk_deptno foreign key (uid) references user (uid)
    -> );
Query OK, 0 rows affected, 1 warning (0.040 sec)

MariaDB [university]> show tables;
+----------------------+
| Tables_in_university |
+----------------------+
| student              |
| users                |
+----------------------+
2 rows in set (0.00 sec)

MariaDB [university]> insert into users values(1,"zahoor","teatime","academic");
Query OK, 1 row affected (0.003 sec)

MariaDB [university]> insert into users values(2,"fahad","teatime","student");
Query OK, 1 row affected (0.000 sec)

MariaDB [university]> insert into users values(4,"waqar","teatime","student");
Query OK, 1 row affected (0.001 sec)

MariaDB [university]> insert into users values(5,"amjad","teatime","academic");
Query OK, 1 row affected (0.000 sec)

MariaDB [university]> SELECT * FROM USERS;
+-----+-----------+----------+----------+
| uid | user_name | password | type     |
+-----+-----------+----------+----------+
|   1 | zahoor    | teatime  | academic |
|   2 | fahad     | teatime  | student  |
|   4 | waqar     | teatime  | student  |
|   5 | amjad     | teatime  | academic |
+-----+-----------+----------+----------+
4 rows in set (0.00 sec)

MariaDB [university]> CREATE VIEW academic_users AS SELECT * FROM USERS WHERE type='academic';
Query OK, 0 rows affected (0.01 sec)

MariaDB [university]> select * from academic_users;
+-----+-----------+----------+----------+
| uid | user_name | password | type     |
+-----+-----------+----------+----------+
|   1 | zahoor    | teatime  | academic |
|   5 | amjad     | teatime  | academic |
+-----+-----------+----------+----------+
2 rows in set (0.00 sec)

MariaDB [university]> INSERT INTO USERS VALUES(6,'Majid', 'teatime', 'academic');
Query OK, 1 row affected (0.01 sec)

MariaDB [university]> select * from academic_users;
+-----+-----------+----------+----------+
| uid | user_name | password | type     |
+-----+-----------+----------+----------+
|   1 | zahoor    | teatime  | academic |
|   5 | amjad     | teatime  | academic |
|   6 | Majid     | teatime  | academic |
+-----+-----------+----------+----------+
3 rows in set (0.00 sec)

MariaDB [university]> INSERT INTO ACADEMIC_USERS VALUES(7, 'Kamran', 'teatime', 'academic');
Query OK, 1 row affected (0.01 sec)

MariaDB [university]> select * from academic_users;
+-----+-----------+----------+----------+
| uid | user_name | password | type     |
+-----+-----------+----------+----------+
|   1 | zahoor    | teatime  | academic |
|   5 | amjad     | teatime  | academic |
|   6 | Majid     | teatime  | academic |
|   7 | Kamran    | teatime  | academic |
+-----+-----------+----------+----------+
4 rows in set (0.00 sec)

MariaDB [university]> select * from users;
+-----+-----------+----------+----------+
| uid | user_name | password | type     |
+-----+-----------+----------+----------+
|   1 | zahoor    | teatime  | academic |
|   2 | fahad     | teatime  | student  |
|   4 | waqar     | teatime  | student  |
|   5 | amjad     | teatime  | academic |
|   6 | Majid     | teatime  | academic |
|   7 | Kamran    | teatime  | academic |
+-----+-----------+----------+----------+
6 rows in set (0.00 sec)

MariaDB [university]> INSERT INTO ACADEMIC_USERS VALUES(8, 'Uzair', 'teatime', 'student');
Query OK, 1 row affected (0.01 sec)

MariaDB [university]> select * from academic_users;
+-----+-----------+----------+----------+
| uid | user_name | password | type     |
+-----+-----------+----------+----------+
|   1 | zahoor    | teatime  | academic |
|   5 | amjad     | teatime  | academic |
|   6 | Majid     | teatime  | academic |
|   7 | Kamran    | teatime  | academic |
+-----+-----------+----------+----------+
4 rows in set (0.00 sec)

MariaDB [university]> select * from users;
+-----+-----------+----------+----------+
| uid | user_name | password | type     |
+-----+-----------+----------+----------+
|   1 | zahoor    | teatime  | academic |
|   2 | fahad     | teatime  | student  |
|   4 | waqar     | teatime  | student  |
|   5 | amjad     | teatime  | academic |
|   6 | Majid     | teatime  | academic |
|   7 | Kamran    | teatime  | academic |
|   8 | Uzair     | teatime  | student  |
+-----+-----------+----------+----------+
7 rows in set (0.00 sec)

MariaDB [university]> show tables;
+----------------------+
| Tables_in_university |
+----------------------+
| academic_users       | % virtual table based on a SELECT query is created
| student              |
| users                |
+----------------------+
3 rows in set (0.00 sec)

MariaDB [university]> select * from users;
+-----+-----------+----------+----------+
| uid | user_name | password | type     |
+-----+-----------+----------+----------+
|   1 | zahoor    | teatime  | academic |
|   2 | fahad     | teatime  | student  |
|   4 | waqar     | teatime  | student  |
|   5 | amjad     | teatime  | academic |
|   6 | Majid     | teatime  | academic |
|   7 | Kamran    | teatime  | academic |
|   8 | Uzair     | teatime  | student  |
+-----+-----------+----------+----------+
7 rows in set (0.00 sec)

MariaDB [university]> DELETE FROM ACADEMIC_USERS WHERE uid = 8;
Query OK, 0 rows affected (0.00 sec)

MariaDB [university]> select * from users;
+-----+-----------+----------+----------+
| uid | user_name | password | type     |
+-----+-----------+----------+----------+
|   1 | zahoor    | teatime  | academic |
|   2 | fahad     | teatime  | student  |
|   4 | waqar     | teatime  | student  |
|   5 | amjad     | teatime  | academic |
|   6 | Majid     | teatime  | academic |
|   7 | Kamran    | teatime  | academic |
|   8 | Uzair     | teatime  | student  |
+-----+-----------+----------+----------+
7 rows in set (0.00 sec)

MariaDB [university]> DELETE FROM ACADEMIC_USERS WHERE uid = 7;
Query OK, 1 row affected (0.01 sec)

MariaDB [university]> select * from users;
+-----+-----------+----------+----------+
| uid | user_name | password | type     |
+-----+-----------+----------+----------+
|   1 | zahoor    | teatime  | academic |
|   2 | fahad     | teatime  | student  |
|   4 | waqar     | teatime  | student  |
|   5 | amjad     | teatime  | academic |
|   6 | Majid     | teatime  | academic |
|   8 | Uzair     | teatime  | student  |
+-----+-----------+----------+----------+
6 rows in set (0.00 sec)

MariaDB [university]> drop view academic_users;
Query OK, 0 rows affected (0.00 sec)

MariaDB [university]> select * from academic_users;
ERROR 1146 (42S02): Table 'university.academic_users' doesn't exist

MariaDB [university]> show tables;
+----------------------+
| Tables_in_university |
+----------------------+
| student              |
| users                |
+----------------------+
2 rows in set (0.00 sec)

MariaDB [university]> create view academic_users as SELECT * FROM USERS WHERE type = 'academic' with check option;
Query OK, 0 rows affected (0.01 sec)

MariaDB [university]>
MariaDB [university]> select * from academic_users;
+-----+-----------+----------+----------+
| uid | user_name | password | type     |
+-----+-----------+----------+----------+
|   1 | zahoor    | teatime  | academic |
|   5 | amjad     | teatime  | academic |
|   6 | Majid     | teatime  | academic |
+-----+-----------+----------+----------+
3 rows in set (0.00 sec)

MariaDB [university]> INSERT INTO ACADEMIC_USERS VALUES(9, 'Majeed', 'teatime', 'academic');
Query OK, 1 row affected (0.01 sec)

MariaDB [university]> select * from academic_users;
+-----+-----------+----------+----------+
| uid | user_name | password | type     |
+-----+-----------+----------+----------+
|   1 | zahoor    | teatime  | academic |
|   5 | amjad     | teatime  | academic |
|   6 | Majid     | teatime  | academic |
|   9 | Majeed    | teatime  | academic |
+-----+-----------+----------+----------+
4 rows in set (0.00 sec)

MariaDB [university]> INSERT INTO ACADEMIC_USERS VALUES(10, 'Sajid', 'teatime', 'student');
ERROR 1369 (HY000): CHECK OPTION failed 'university.academic_users'
MariaDB [university]> select * from users;
+-----+-----------+----------+----------+
| uid | user_name | password | type     |
+-----+-----------+----------+----------+
|   1 | zahoor    | teatime  | academic |
|   2 | fahad     | teatime  | student  |
|   4 | waqar     | teatime  | student  |
|   5 | amjad     | teatime  | academic |
|   6 | Majid     | teatime  | academic |
|   8 | Uzair     | teatime  | student  |
|   9 | Majeed    | teatime  | academic |
+-----+-----------+----------+----------+
7 rows in set (0.00 sec)

MariaDB [university]> delete from academic_users where uid=8;
Query OK, 0 rows affected (0.00 sec)

MariaDB [university]> delete from academic_users where type='student';
Query OK, 0 rows affected (0.00 sec)

MariaDB [university]> UPDATE ACADEMIC_USERS
    -> SET PASSWORD = 'lunchtime'
    -> where uid = 2;
Query OK, 0 rows affected (0.00 sec)
Rows matched: 0  Changed: 0  Warnings: 0

MariaDB [university]> UPDATE ACADEMIC_USERS
    -> SET type = 'admin'
    -> where uid = 8;
Query OK, 0 rows affected (0.00 sec)
Rows matched: 0  Changed: 0  Warnings: 0

MariaDB [university]> UPDATE ACADEMIC_USERS
    -> SET type = 'admin'
    -> where uid = 9;
ERROR 1369 (HY000): CHECK OPTION failed 'university.academic_users'

MariaDB [university]> use mysql
Database changed

MariaDB [mysql]> describe user;
+------------------------+-----------------------------------+------+-----+----------+-------+
| Field                  | Type                              | Null | Key | Default  | Extra |
+------------------------+-----------------------------------+------+-----+----------+-------+
| Host                   | char(60)                          | NO   | PRI |          |       |
| User                   | char(80)                          | NO   | PRI |          |       |
| Password               | char(41)                          | NO   |     |          |       |
| Select_priv            | enum('N','Y')                     | NO   |     | N        |       |
| Insert_priv            | enum('N','Y')                     | NO   |     | N        |       |
| Update_priv            | enum('N','Y')                     | NO   |     | N        |       |
| Delete_priv            | enum('N','Y')                     | NO   |     | N        |       |
| Create_priv            | enum('N','Y')                     | NO   |     | N        |       |
| Drop_priv              | enum('N','Y')                     | NO   |     | N        |       |
| Reload_priv            | enum('N','Y')                     | NO   |     | N        |       |
| Shutdown_priv          | enum('N','Y')                     | NO   |     | N        |       |
| Process_priv           | enum('N','Y')                     | NO   |     | N        |       |
| File_priv              | enum('N','Y')                     | NO   |     | N        |       |
| Grant_priv             | enum('N','Y')                     | NO   |     | N        |       |
| References_priv        | enum('N','Y')                     | NO   |     | N        |       |
| Index_priv             | enum('N','Y')                     | NO   |     | N        |       |
| Alter_priv             | enum('N','Y')                     | NO   |     | N        |       |
| Show_db_priv           | enum('N','Y')                     | NO   |     | N        |       |
| Super_priv             | enum('N','Y')                     | NO   |     | N        |       |
| Create_tmp_table_priv  | enum('N','Y')                     | NO   |     | N        |       |
| Lock_tables_priv       | enum('N','Y')                     | NO   |     | N        |       |
| Execute_priv           | enum('N','Y')                     | NO   |     | N        |       |
| Repl_slave_priv        | enum('N','Y')                     | NO   |     | N        |       |
| Repl_client_priv       | enum('N','Y')                     | NO   |     | N        |       |
| Create_view_priv       | enum('N','Y')                     | NO   |     | N        |       |
| Show_view_priv         | enum('N','Y')                     | NO   |     | N        |       |
| Create_routine_priv    | enum('N','Y')                     | NO   |     | N        |       |
| Alter_routine_priv     | enum('N','Y')                     | NO   |     | N        |       |
| Create_user_priv       | enum('N','Y')                     | NO   |     | N        |       |
| Event_priv             | enum('N','Y')                     | NO   |     | N        |       |
| Trigger_priv           | enum('N','Y')                     | NO   |     | N        |       |
| Create_tablespace_priv | enum('N','Y')                     | NO   |     | N        |       |
| ssl_type               | enum('','ANY','X509','SPECIFIED') | NO   |     |          |       |
| ssl_cipher             | blob                              | NO   |     | NULL     |       |
| x509_issuer            | blob                              | NO   |     | NULL     |       |
| x509_subject           | blob                              | NO   |     | NULL     |       |
| max_questions          | int(11) unsigned                  | NO   |     | 0        |       |
| max_updates            | int(11) unsigned                  | NO   |     | 0        |       |
| max_connections        | int(11) unsigned                  | NO   |     | 0        |       |
| max_user_connections   | int(11)                           | NO   |     | 0        |       |
| plugin                 | char(64)                          | NO   |     |          |       |
| authentication_string  | text                              | NO   |     | NULL     |       |
| password_expired       | enum('N','Y')                     | NO   |     | N        |       |
| is_role                | enum('N','Y')                     | NO   |     | N        |       |
| default_role           | char(80)                          | NO   |     |          |       |
| max_statement_time     | decimal(12,6)                     | NO   |     | 0.000000 |       |
+------------------------+-----------------------------------+------+-----+----------+-------+
46 rows in set (0.01 sec)

MariaDB [mysql]> CREATE USER samin@localhost identified by 'teatime';
Query OK, 0 rows affected (0.00 sec)

MariaDB [mysql]> exit
Bye

Open cmd prompt
navigate to wamp installation
assumuing install in C drive
C:\Users\This Pc>cd C:\wamp64\bin\mariadb\mariadb10.4.10\bin

C:\wamp64\bin\mariadb\mariadb10.4.10\bin>mysql.exe -u samin -p
Enter password: *******

Welcome to the MariaDB monitor.  Commands end with ; or \g.
Your MariaDB connection id is 105
Server version: 10.1.30-MariaDB mariadb.org binary distribution

Copyright (c) 2000, 2017, Oracle, MariaDB Corporation Ab and others.

Type 'help;' or '\h' for help. Type '\c' to clear the current input statement.

MariaDB [(none)]> show user;
ERROR 1064 (42000): You have an error in your SQL syntax; check the manual that corresponds to your MariaDB server version for the right syntax to use near 'user' at line 1
MariaDB [(none)]> show databases;
+--------------------+
| Database           |
+--------------------+
| information_schema |
| test               |
+--------------------+
2 rows in set (0.00 sec)

MariaDB [(none)]> SHOW GRANTS For samin@localhost;
+--------------------------------------------------------------------------------------------------------------+
| Grants for samin@localhost                                                                                   |
+--------------------------------------------------------------------------------------------------------------+
| GRANT USAGE ON *.* TO 'samin'@'localhost' IDENTIFIED BY PASSWORD '*AA64105F7935A58712E8D6324A52DC01D84C9DE1' |
+--------------------------------------------------------------------------------------------------------------+
1 row in set (0.00 sec)

MariaDB [(none)]> exit
Bye

C:\wamp64\bin\mariadb\mariadb10.4.10\bin>mysql.exe -u root

Welcome to the MariaDB monitor.  Commands end with ; or \g.
Your MariaDB connection id is 106
Server version: 10.1.30-MariaDB mariadb.org binary distribution

Copyright (c) 2000, 2017, Oracle, MariaDB Corporation Ab and others.

Type 'help;' or '\h' for help. Type '\c' to clear the current input statement.

MariaDB [(none)]> show databases;
+--------------------+
| Database           |
+--------------------+
| blog               |
| emp                |
| ggcsss             |
| hr                 |
| information_schema |
| mysql              |
| northwind          |
| nuces              |
| performance_schema |
| phpmyadmin         |
| sales_co           |
| test               |
| test1              |
| themepark          |
| thm                |
| uni_a              |
| uni_b              |
| university         |
+--------------------+
18 rows in set (0.00 sec)

MariaDB [(none)]> use university;
Database changed
MariaDB [university]> show tables;
+----------------------+
| Tables_in_university |
+----------------------+
| academic_users       |
| student              |
| users                |
+----------------------+
3 rows in set (0.00 sec)

MariaDB [university]> GRANT SELECT ON UNIVERSITY.ACADEMIC_USERS to samin@localhost;
Query OK, 0 rows affected (0.00 sec)

MariaDB [university]> show grants for samin@localhost;
+--------------------------------------------------------------------------------------------------------------+
| Grants for samin@localhost                                                                                   |
+--------------------------------------------------------------------------------------------------------------+
| GRANT USAGE ON *.* TO 'samin'@'localhost' IDENTIFIED BY PASSWORD '*AA64105F7935A58712E8D6324A52DC01D84C9DE1' |
| GRANT SELECT ON `university`.`academic_users` TO 'samin'@'localhost'                                         |
+--------------------------------------------------------------------------------------------------------------+
2 rows in set (0.00 sec)

MariaDB [university]> bye
    -> ;
ERROR 1064 (42000): You have an error in your SQL syntax; check the manual that corresponds to your MariaDB server version for the right syntax to use near 'bye' at line 1
MariaDB [university]> exit
Bye


C:\wamp64\bin\mariadb\mariadb10.4.10\bin>mysql.exe -u samin -p
Enter password: *******

Welcome to the MariaDB monitor.  Commands end with ; or \g.
Your MariaDB connection id is 108
Server version: 10.1.30-MariaDB mariadb.org binary distribution

Copyright (c) 2000, 2017, Oracle, MariaDB Corporation Ab and others.

Type 'help;' or '\h' for help. Type '\c' to clear the current input statement.

MariaDB [(none)]> show databases;
+--------------------+
| Database           |
+--------------------+
| information_schema |
| test               |
| university         |
+--------------------+
3 rows in set (0.00 sec)

MariaDB [(none)]> use university;
Database changed
MariaDB [university]> show tables;
+----------------------+
| Tables_in_university |
+----------------------+
| academic_users       |
+----------------------+
1 row in set (0.00 sec)

MariaDB [university]> select * from academic_users;
+-----+-----------+----------+----------+
| uid | user_name | password | type     |
+-----+-----------+----------+----------+
|   1 | zahoor    | teatime  | academic |
|   5 | amjad     | teatime  | academic |
|   6 | Majid     | teatime  | academic |
|   9 | Majeed    | teatime  | academic |
+-----+-----------+----------+----------+
4 rows in set (0.00 sec)

MariaDB [university]> select * from users;
ERROR 1142 (42000): SELECT command denied to user 'samin'@'localhost' for table 'users'
MariaDB [university]> INSERT INTO academic_users VALUES(11,'ABC','AAA','academic');

ERROR 1142 (42000): INSERT command denied to user 'samin'@'localhost' for table 'academic_users'
MariaDB [university]> drop view academic_users;

ERROR 1142 (42000): DROP command denied to user 'samin'@'localhost' for table 'academic_users'
MariaDB [university]> exit
Bye

C:\wamp64\bin\mariadb\mariadb10.4.10\bin>mysql.exe -u root

Welcome to the MariaDB monitor.  Commands end with ; or \g.
Your MariaDB connection id is 115
Server version: 10.1.30-MariaDB mariadb.org binary distribution

Copyright (c) 2000, 2017, Oracle, MariaDB Corporation Ab and others.

Type 'help;' or '\h' for help. Type '\c' to clear the current input statement.

MariaDB [(none)]> show databases;
+--------------------+
| Database           |
+--------------------+
| blog               |
| emp                |
| ggcsss             |
| hr                 |
| information_schema |
| mysql              |
| northwind          |
| nuces              |
| performance_schema |
| phpmyadmin         |
| sales_co           |
| test               |
| test1              |
| themepark          |
| thm                |
| uni_a              |
| uni_b              |
| university         |
+--------------------+
18 rows in set (0.00 sec)

MariaDB [(none)]> flush privileges;
Query OK, 0 rows affected (0.00 sec)

MariaDB [(none)]> create user zahoor@localhost identified by 'teatime';
Query OK, 0 rows affected (0.00 sec)

MariaDB [(none)]> show grants for samin@localhost;
+--------------------------------------------------------------------------------------------------------------+
| Grants for samin@localhost                                                                                   |
+--------------------------------------------------------------------------------------------------------------+
| GRANT USAGE ON *.* TO 'samin'@'localhost' IDENTIFIED BY PASSWORD '*AA64105F7935A58712E8D6324A52DC01D84C9DE1' |
| GRANT SELECT ON `university`.`academic_users` TO 'samin'@'localhost'                                         |
+--------------------------------------------------------------------------------------------------------------+
2 rows in set (0.00 sec)

MariaDB [(none)]> REVOKE SELECT ON university.academic_users FROM samin@localhost;
Query OK, 0 rows affected (0.00 sec)

MariaDB [(none)]> show grants for samin@localhost;
+--------------------------------------------------------------------------------------------------------------+
| Grants for samin@localhost                                                                                   |
+--------------------------------------------------------------------------------------------------------------+
| GRANT USAGE ON *.* TO 'samin'@'localhost' IDENTIFIED BY PASSWORD '*AA64105F7935A58712E8D6324A52DC01D84C9DE1' |
+--------------------------------------------------------------------------------------------------------------+
1 row in set (0.00 sec)

MariaDB [(none)]> grant SELECT ON university.academic_users to samin@localhost with grant option;
Query OK, 0 rows affected (0.00 sec)

MariaDB [(none)]> grant SELECT ON university.student to samin@localhost;
Query OK, 0 rows affected (0.00 sec)

MariaDB [(none)]> exit
Bye


C:\wamp64\bin\mariadb\mariadb10.4.10\bin>mysql.exe -u samin -p
Enter password: *******

Welcome to the MariaDB monitor.  Commands end with ; or \g.
Your MariaDB connection id is 124
Server version: 10.1.30-MariaDB mariadb.org binary distribution

Copyright (c) 2000, 2017, Oracle, MariaDB Corporation Ab and others.

Type 'help;' or '\h' for help. Type '\c' to clear the current input statement.

MariaDB [(none)]> show databases;
+--------------------+
| Database           |
+--------------------+
| information_schema |
| test               |
| university         |
+--------------------+
3 rows in set (0.00 sec)

MariaDB [(none)]> use university;
Database changed
MariaDB [university]> show tables;
+----------------------+
| Tables_in_university |
+----------------------+
| academic_users       |
| student              |
+----------------------+
2 rows in set (0.00 sec)

MariaDB [university]> grant select on university.academic_users to zahoor@localhost;
Query OK, 0 rows affected (0.00 sec)

MariaDB [university]> grant select on university.student to zahoor@localhost;
ERROR 1142 (42000): GRANT command denied to user 'samin'@'localhost' for table 'student'
MariaDB [university]> grant insert on university.academic_users to zahoor@localhost;
ERROR 1142 (42000): INSERT command denied to user 'samin'@'localhost' for table 'academic_users'
MariaDB [university]> exit
Bye


C:\wamp64\bin\mariadb\mariadb10.4.10\bin>mysql.exe -u zahor -p
Enter password: *******
Welcome to the MariaDB monitor.  Commands end with ; or \g.
Your MariaDB connection id is 126
Server version: 10.1.30-MariaDB mariadb.org binary distribution

Copyright (c) 2000, 2017, Oracle, MariaDB Corporation Ab and others.

Type 'help;' or '\h' for help. Type '\c' to clear the current input statement.

MariaDB [(none)]> show databases;
+--------------------+
| Database           |
+--------------------+
| information_schema |
| test               |
| university         |
+--------------------+
3 rows in set (0.00 sec)

MariaDB [(none)]> use university;
Database changed
MariaDB [university]> show tables;
+----------------------+
| Tables_in_university |
+----------------------+
| academic_users       |
+----------------------+
1 row in set (0.00 sec)

MariaDB [university]> select * from academic_users;
+-----+-----------+----------+----------+
| uid | user_name | password | type     |
+-----+-----------+----------+----------+
|   1 | zahoor    | teatime  | academic |
|   5 | amjad     | teatime  | academic |
|   6 | Majid     | teatime  | academic |
|   9 | Majeed    | teatime  | academic |
+-----+-----------+----------+----------+
4 rows in set (0.00 sec)

MariaDB [university]> exit
Bye

C:\wamp64\bin\mariadb\mariadb10.4.10\bin>mysql.exe -u root
Welcome to the MariaDB monitor.  Commands end with ; or \g.
Your MariaDB connection id is 127
Server version: 10.1.30-MariaDB mariadb.org binary distribution

Copyright (c) 2000, 2017, Oracle, MariaDB Corporation Ab and others.

Type 'help;' or '\h' for help. Type '\c' to clear the current input statement.

MariaDB [(none)]> GRANT CREATE USER ON *.* TO samin@localhost;
Query OK, 0 rows affected (0.00 sec)

MariaDB [(none)]> show grants for samin@localhost;
+--------------------------------------------------------------------------------------------------------------------+
| Grants for samin@localhost                                                                                         |
+--------------------------------------------------------------------------------------------------------------------+
| GRANT CREATE USER ON *.* TO 'samin'@'localhost' IDENTIFIED BY PASSWORD '*AA64105F7935A58712E8D6324A52DC01D84C9DE1' |
| GRANT SELECT ON `university`.`academic_users` TO 'samin'@'localhost' WITH GRANT OPTION                             |
| GRANT SELECT ON `university`.`student` TO 'samin'@'localhost'                                                      |
+--------------------------------------------------------------------------------------------------------------------+
3 rows in set (0.00 sec)

MariaDB [(none)]> exit
Bye


C:\wamp64\bin\mariadb\mariadb10.4.10\bin>mysql.exe -u samin -p
Enter password: *******
Welcome to the MariaDB monitor.  Commands end with ; or \g.
Your MariaDB connection id is 136
Server version: 10.1.30-MariaDB mariadb.org binary distribution

Copyright (c) 2000, 2017, Oracle, MariaDB Corporation Ab and others.

Type 'help;' or '\h' for help. Type '\c' to clear the current input statement.

MariaDB [(none)]> create user abc@localhost identified by 'def';
Query OK, 0 rows affected (0.00 sec)

MariaDB [(none)]> exit
Bye

C:\wamp64\bin\mariadb\mariadb10.4.10\bin>mysql.exe -u root
Welcome to the MariaDB monitor.  Commands end with ; or \g.
Your MariaDB connection id is 137
Server version: 10.1.30-MariaDB mariadb.org binary distribution

Copyright (c) 2000, 2017, Oracle, MariaDB Corporation Ab and others.

Type 'help;' or '\h' for help. Type '\c' to clear the current input statement.

MariaDB [(none)]> grant create on university.* to samin@localhost;
Query OK, 0 rows affected (0.00 sec)

MariaDB [(none)]> exit
Bye


C:\wamp64\bin\mariadb\mariadb10.4.10\bin>mysql.exe -u samin -p
Enter password: *******
Welcome to the MariaDB monitor.  Commands end with ; or \g.
Your MariaDB connection id is 139
Server version: 10.1.30-MariaDB mariadb.org binary distribution

Copyright (c) 2000, 2017, Oracle, MariaDB Corporation Ab and others.

Type 'help;' or '\h' for help. Type '\c' to clear the current input statement.

MariaDB [(none)]> create database temporary;
ERROR 1044 (42000): Access denied for user 'samin'@'localhost' to database 'temporary'

MariaDB [(none)]> use university;
Database changed

MariaDB [university]> create table temp(id int, name varchar(20));
Query OK, 0 rows affected (0.06 sec)

MariaDB [university]> show tables;
+----------------------+
| Tables_in_university |
+----------------------+
| academic_users       |
| student              |
| temp                 |
| users                |
+----------------------+
4 rows in set (0.00 sec)

MariaDB [university]> drop temp;
ERROR 1064 (42000): You have an error in your SQL syntax; check the manual that corresponds to your MariaDB server version for the right syntax to use near 'temp' at line 1
MariaDB [university]> drop table temp;
ERROR 1142 (42000): DROP command denied to user 'samin'@'localhost' for table 'temp'
MariaDB [university]> exit
Bye

C:\wamp64\bin\mariadb\mariadb10.4.10\bin>mysql.exe -u root
Welcome to the MariaDB monitor.  Commands end with ; or \g.
Your MariaDB connection id is 140
Server version: 10.1.30-MariaDB mariadb.org binary distribution

Copyright (c) 2000, 2017, Oracle, MariaDB Corporation Ab and others.

Type 'help;' or '\h' for help. Type '\c' to clear the current input statement.

MariaDB [(none)]> show grants for samin@localhost;
+--------------------------------------------------------------------------------------------------------------------+
| Grants for samin@localhost                                                                                         |
+--------------------------------------------------------------------------------------------------------------------+
| GRANT CREATE USER ON *.* TO 'samin'@'localhost' IDENTIFIED BY PASSWORD '*AA64105F7935A58712E8D6324A52DC01D84C9DE1' |
| GRANT CREATE ON `university`.* TO 'samin'@'localhost'                                                              |
| GRANT SELECT ON `university`.`academic_users` TO 'samin'@'localhost' WITH GRANT OPTION                             |
| GRANT SELECT ON `university`.`student` TO 'samin'@'localhost'                                                      |
+--------------------------------------------------------------------------------------------------------------------+
4 rows in set (0.00 sec)

MariaDB [(none)]> revoke create on university.* from samin@localhost;
Query OK, 0 rows affected (0.00 sec)

MariaDB [(none)]> show grants for samin@localhost
    -> ;
+--------------------------------------------------------------------------------------------------------------------+
| Grants for samin@localhost                                                                                         |
+--------------------------------------------------------------------------------------------------------------------+
| GRANT CREATE USER ON *.* TO 'samin'@'localhost' IDENTIFIED BY PASSWORD '*AA64105F7935A58712E8D6324A52DC01D84C9DE1' |
| GRANT SELECT ON `university`.`academic_users` TO 'samin'@'localhost' WITH GRANT OPTION                             |
| GRANT SELECT ON `university`.`student` TO 'samin'@'localhost'                                                      |
+--------------------------------------------------------------------------------------------------------------------+
3 rows in set (0.00 sec)

MariaDB [(none)]> grant create on *.* to samin@localhost;
Query OK, 0 rows affected (0.00 sec)

MariaDB [(none)]> exit
Bye

C:\wamp64\bin\mariadb\mariadb10.4.10\bin>mysql.exe -u samin -p
Enter password: *******
Welcome to the MariaDB monitor.  Commands end with ; or \g.
Your MariaDB connection id is 141
Server version: 10.1.30-MariaDB mariadb.org binary distribution

Copyright (c) 2000, 2017, Oracle, MariaDB Corporation Ab and others.

Type 'help;' or '\h' for help. Type '\c' to clear the current input statement.

MariaDB [(none)]> create database temporary;
Query OK, 1 row affected (0.00 sec)

MariaDB [(none)]> exit
Bye
